{
  "map50_all_dataset_classes": 0.4087229233444902,
  "map50_95_all_dataset_classes": 0.26603114003055944,
  "precision_all_dataset_classes": 0.7780063468714974,
  "recall_all_dataset_classes": 0.4046449805389793
}