{
  "event_precision": 0.35714285714285715,
  "event_recall": 1.0,
  "event_f1": 0.5263157894736842,
  "tn": 20,
  "fp": 9,
  "fn": 0,
  "tp": 5,
  "latency_ms_mean": 23.92824973530343,
  "latency_ms_median": 17.582496499926492,
  "fps": 41.7916066182063,
  "map50_shared": 0.1971333622932434,
  "map_shared": 0.1971333622932434,
  "map50_person": 0.20309509336948395,
  "map50_hardhat": 0.19117161631584167,
  "mean_tp_iou": 0.7843911311352282
}